STT,Question,Short Answer (50-100 words)
1,"Điện thoại nào tốt nhất dưới 10 triệu?","Trong tầm giá dưới 10 triệu, nhiều model Android cung cấp giá trị tốt—ưu tiên pin >=4000mAh, chip tầm trung năm gần nhất và camera đủ dùng. Thương hiệu như Xiaomi, Realme, Samsung A-series thường là lựa chọn, nhưng luôn kiểm tra đánh giá thực tế và phản hồi người dùng. Tránh mua model mới ra mắt chưa có hồ sơ ổn định phần mềm."
2,"Nên mua iPhone hay Samsung?","Chọn iPhone nếu bạn ưu tiên hệ sinh thái iOS, cập nhật phần mềm lâu dài và giá trị bán lại; chọn Samsung nếu cần tùy biến, nhiều lựa chọn phần cứng và mức giá đa dạng. So sánh model cụ thể theo ngân sách, tính năng camera, pin và cập nhật bảo mật."
3,"Điện thoại nào chụp ảnh đẹp?","Flagship từ Apple, Samsung và Google thường có camera tốt nhờ cảm biến lớn và xử lý phần mềm xuất sắc. Tìm OIS, khẩu độ lớn, và chức năng chụp đêm/RAW. Đọc ảnh chụp thực tế từ nguồn uy tín để đánh giá khả năng xử lý màu và chi tiết."
4,"Điện thoại nào chơi game tốt?","Điện thoại chơi game tốt cần chip hiệu năng cao (Snapdragon 8-series hoặc tương đương), RAM >=8GB, tản nhiệt tốt và màn hình 90–144Hz. Pin lớn và sạc nhanh cũng quan trọng để duy trì phiên chơi liên tục. Tham khảo benchmark và bài test thực tế để đánh giá hiệu năng liên tục." 
5,"Điện thoại nào phù hợp với sinh viên?","Sinh viên thường cần điện thoại giá hợp lý, pin tốt, và hiệu năng đủ dùng cho học tập và giải trí. Model tầm trung có thể đáp ứng: màn hình rõ, pin >=4000mAh, cam đủ dùng. Cân nhắc bảo hành và khả năng sửa chữa tại địa phương trước khi mua."
6,"Điện thoại nào có pin tốt?","Pin tốt phụ thuộc vào cả dung lượng và tối ưu phần mềm. Dung lượng >=4500mAh thường cho 1–2 ngày sử dụng trung bình. Kiểm tra bài đánh giá thực tế (screen-on time) thay vì chỉ nhìn số mAh. Các model tầm trung hiện nay cung cấp pin lớn và tối ưu tốt."
7,"Có nên mua điện thoại cũ?","Mua cũ tiết kiệm chi phí nhưng cần kiểm tra pin, màn hình, IMEI và lịch sử sửa chữa. Nếu có bảo hành hoặc đổi trả là an tâm hơn. Kiểm tra cập nhật phần mềm cho model đó vì một số model cũ không còn nhận bản vá bảo mật."
8,"Điện thoại nào đáng mua nhất?","Không có câu trả lời chung; 'đáng mua' phụ thuộc vào nhu cầu cá nhân. Xác định ưu tiên (pin, camera, hiệu năng, giá) rồi so sánh nhiều nguồn đánh giá. Lựa chọn tối ưu là model cân bằng các tiêu chí bạn ưu tiên."
9,"Nên mua điện thoại trả góp hay trả thẳng?","Trả góp giúp giảm áp lực tài chính ban đầu nhưng đôi khi có chi phí lãi hoặc điều kiện kèm theo; trả thẳng tiết kiệm hơn nếu bạn có khả năng. Kiểm tra kỹ điều khoản trả góp và ưu đãi 0% trước khi quyết định."
10,"Làm sao kiểm tra pin của điện thoại đã dùng?","Trên iPhone dùng 'Battery Health'; trên Android dùng app như AccuBattery hoặc mã kiểm tra nhà sản xuất. Kiểm tra số chu kỳ sạc, screen-on time và trạng thái sạc. Nếu pin xuống nhiều, nên thay pin tại trung tâm uy tín."
11,"Camera tele có cần thiết không?","Camera tele hữu ích nếu bạn thường xuyên chụp zoom hoặc ảnh chân dung. Nếu không cần zoom nhiều, camera chính và ultrawide có thể đủ. Kiểm tra chất lượng tele thực tế vì một số tele có độ phân giải thấp."
12,"Ảnh chụp đêm quan trọng thế nào?","Nếu bạn chụp nhiều trong điều kiện thiếu sáng, chụp đêm rất quan trọng. Hãy chọn máy có cảm biến lớn, OIS và chế độ night mode hiệu quả. Flagship hiện nay thường có chụp đêm tốt hơn do phần mềm xử lý ảnh xuất sắc."
13,"Màn hình OLED hay LCD tốt hơn?","OLED mang lại độ tương phản và màu đen sâu hơn; LCD có thể sáng hơn và rẻ hơn. Chọn OLED nếu bạn ưu tiên hiển thị media và tiết kiệm pin ở chế độ tối; chọn LCD nếu cần độ sáng cao ngoài trời hoặc giá rẻ."
14,"Sạc nhanh có hại pin không?","Sạc nhanh đã được tối ưu và an toàn trên nhiều thiết bị hiện đại, nhưng sạc nhanh liên tục ở nhiệt độ cao có thể ảnh hưởng tuổi thọ pin. Nếu ưu tiên tuổi thọ dài hạn, tránh để pin luôn ở 100% và hạn chế sạc ở nhiệt độ quá cao."
15,"Điện thoại có nên có khe thẻ nhớ?","Khe thẻ nhớ hữu ích nếu bạn cần mở rộng lưu trữ với chi phí thấp; nhiều flagship bỏ khe thẻ để dùng bộ nhớ UFS nhanh hơn. Nếu bạn lưu nhiều media, khe thẻ là lợi thế; nếu cần hiệu năng lưu trữ, chọn bộ nhớ trong lớn."
16,"Nên chọn Android thuần hay tùy biến?","Android thuần ít bloatware và thường cập nhật nhanh hơn, trong khi giao diện tùy biến của OEM cung cấp nhiều tính năng nhưng có thể kèm app thừa. Chọn dựa trên ưu tiên: ổn định và gọn gàng hay tính năng và tùy biến."
17,"Làm sao kiểm tra update phần mềm?","Kiểm tra trang hỗ trợ chính thức của hãng, chính sách cập nhật (số năm hỗ trợ), và lịch sử cập nhật cho model đó. Tham khảo cộng đồng và trang tin công nghệ để biết thực tế cập nhật cho từng model."
18,"Camera góc rộng có lợi không?","Có, ultrawide hữu ích cho phong cảnh và nhóm người, nhưng thường có chất lượng thấp hơn camera chính. Kiểm tra ảnh thực tế ultrawide của model để đảm bảo độ chi tiết và màu sắc chấp nhận được."
19,"Giữ máy lâu dài cần lưu ý gì?","Tránh sạc ở nhiệt độ cao, cập nhật phần mềm định kỳ, thay pin khi cần, và dùng ốp lưng bảo vệ. Sao lưu dữ liệu định kỳ và lựa chọn model có chính sách cập nhật tốt."
20,"Browser nào tốt cho bảo mật?","Chrome, Edge và Firefox được cập nhật thường xuyên và có nhiều tính năng bảo mật. Kết hợp với thói quen tốt (HTTPS, mật khẩu mạnh, 2FA) để bảo vệ dữ liệu cá nhân."
